{
	"1": [-0.16546696, 0.09297132, 0.04058368, -0.06845691, -0.10045673, 0.03606422, -0.09121377, -0.12892608, 0.22608566, -0.17906879, 0.17088982, -0.00574564, -0.18491738, -0.11686461, -0.04042321, 0.14820243, -0.27056545, -0.18199268, 0.06309762, -0.03493855, 0.04869424, 0.00901148, 0.04779012, 0.0843123, -0.11957882, -0.451361, -0.10056205, -0.15067947, 0.0189353, -0.04803906, -0.02063525, 0.02975608, -0.26453108, -0.0351506, -0.01358027, 0.15859491, 0.01008574, -0.00972534, 0.1655153, -0.00364661, -0.18330716, -0.00481168, 0.05597434, 0.27019775, 0.1477408, 0.05307519, -0.02526716, -0.08906501, 0.11296007, -0.18323903, 0.09204219, 0.16702648, 0.10593002, -0.00763825, 0.09374829, -0.13556358, 0.01630083, 0.07299757, -0.20180044, 0.04402926, 0.04777962, 0.01585136, 0.02413673, -0.0282489, 0.29011902, 0.11007302, -0.09017024, -0.16557081, 0.14753316, -0.14293718, -0.02322426, 0.08482473, -0.13412876, -0.20933683, -0.27007821, 0.04861453, 0.46865752, 0.15217644, -0.13402057, 0.0601716, -0.10057199, -0.10735474, 0.10619695, 0.12359786, -0.03556596, 0.02587783, -0.07152648, 0.08055612, 0.17977785, 0.02953548, -0.06425226, 0.18805397, -0.02595886, 0.04174494, 0.01170974, -0.02696386, -0.10677276, 0.05438833, -0.21010673, -0.06126225, -0.03077187, 0.00913381, -0.03145933, 0.10840461, -0.17534094, 0.04822425, 0.02236436, -0.10246659, -0.03127286, 0.05488588, -0.21233824, -0.07370905, 0.14310558, -0.30968195, 0.22675219, 0.15238366, 0.05867705, 0.19583841, 0.09362521, 0.05422458, 0.03178309, -0.06837918, -0.15733598, -0.03399621, 0.11126414, -0.05253543, 0.1249295, -0.00535761],
	"2": [-0.07920402, 0.12954493, 0.05132604, 0.00873246, -0.09047373, 0.04377589, -0.02729272, -0.07723384, 0.20018761, -0.05078688, 0.21157517, -0.05777517, -0.16879725, -0.13065055, 0.01966399, 0.12065668, -0.17914607, -0.18851821, 0.03966397, 0.00866769, 0.06220474, -0.03594486, -0.0193545, 0.06757628, -0.24721207, -0.39389706, -0.12581199, -0.15345341, 0.08264089, -0.1693417, -0.0899068, 0.01556625, -0.168093, -0.06196226, 0.05423774, 0.12637028, 0.0052674, -0.06555, 0.14185657, 0.05481513, -0.19730242, -0.00462776, 0.07133049, 0.30840442, 0.17097574, 0.06620397, -0.01515673, -0.03756751, 0.14137758, -0.20331946, 0.11305213, 0.11954017, 0.21559379, 0.05402005, 0.17271091, -0.09010481, 0.01352008, 0.13001785, -0.32250997, 0.06904384, 0.02970787, -0.00366623, 0.04874191, -0.04142198, 0.2188478, 0.14372438, -0.07793657, -0.09463546, 0.15555708, -0.16042912, -0.04848574, 0.05897719, -0.05257545, -0.20196189, -0.30742532, 0.01927409, 0.41613713, 0.21856426, -0.2124975, 0.01710746, -0.02145581, -0.08724944, 0.08527365, 0.08315302, -0.0696072, 0.01737767, -0.08669726, 0.01756936, 0.176705, 0.02524075, 0.02103161, 0.16983657, -0.04649045, 0.01683787, 0.01013865, -0.01848249, -0.1454435, 0.02424516, -0.10029677, -0.08279362, -0.05663238, -0.01463213, 0.01394207, 0.12407558, -0.22821577, 0.07407098, 0.04991342, -0.10754523, -0.05683462, 0.02401192, -0.11164682, -0.01942195, 0.10454426, -0.41020799, 0.15732817, 0.14196683, -0.02993907, 0.12667754, 0.00284141, -0.00398196, 0.03660186, -0.10931006, -0.10588656, -0.060105, 0.05745928, -0.10856726, 0.05696, -0.01531384],
	"3": [-0.16475712, 0.07559057, 0.08448225, -0.07345197, -0.09332258, 0.03652953, -0.10842627, -0.11878514, 0.19757193, -0.14284588, 0.24869429, -0.0196124, -0.26329187, -0.08681014, -0.06047479, 0.12463976, -0.20025186, -0.15169227, 0.03740548, -0.03827202, 0.06342867, -0.06800215, 0.01121391, 0.06475315, -0.1254153, -0.39652604, -0.09759113, -0.13601489, 0.02259161, -0.08501256, -0.08210626, -0.00814559, -0.22286834, -0.07357324, -0.06032591, 0.095186, -0.00532723, -0.04349015, 0.15515499, -0.0365754, -0.17372933, 0.01901004, 0.04008372, 0.21966957, 0.14478771, 0.09747606, -0.00455473, -0.09223738, 0.14799985, -0.25339034, 0.1086542, 0.15393157, 0.1643229, -0.00112175, 0.13562082, -0.1680776, 0.03746445, 0.1237295, -0.21798117, 0.08670077, 0.04696328, 0.03425472, 0.06508506, -0.06013977, 0.23848751, 0.11229189, -0.11363091, -0.09126922, 0.15118276, -0.10242275, -0.02549007, 0.09098346, -0.10493223, -0.24975799, -0.32506585, 0.07691096, 0.44096342, 0.22660394, -0.16750428, 0.00761731, -0.0928437, -0.09849554, 0.07289921, 0.03646356, -0.09606077, -0.0127245, -0.13581897, 0.00611786, 0.16734931, 0.06958123, -0.0284152, 0.22303393, 0.00217599, 0.05744539, -0.00140371, 0.08815609, -0.18016712, 0.00175707, -0.18862644, -0.0531336, -0.02067411, -0.01114396, -0.03417717, 0.12098898, -0.19313028, 0.08139863, -0.02995327, -0.07561788, -0.08723295, 0.02233512, -0.13917962, -0.00149132, 0.11266658, -0.30759066, 0.13895276, 0.16703965, 0.10888951, 0.1631235, 0.10849298, -0.02837961, 0.00440366, -0.10012318, -0.18352658, -0.09844312, 0.08566197, -0.08663925, 0.11283705, 0.05360256],
	"4": [-0.134984702, 0.0726867616, 0.0400138907, -0.101503514, -0.124186829, 0.108497508, -0.0245256629, -0.0790182874, 0.278418839, -0.193853572, 0.176604301, -0.0136549994, -0.191050157, 0.00813475624, -0.0173918344, 0.160707742, -0.201538175, -0.190592542, 0.00361044891, -0.0216607004, -0.00895963889, 0.0280297771, 0.0553616211, 0.0852887705, -0.217389882, -0.397778928, -0.0879180431, -0.126443952, 0.0252378117, -0.0741131157, -0.0157804377, 0.0524661057, -0.263870865, -0.0117882397, 0.0154120503, 0.207856014, -0.0234187674, -0.105395488, 0.149890721, -0.00966403633, -0.238354415, -0.0774237663, 0.0691419542, 0.235577658, 0.138703629, 0.0149914632, 0.0156141706, -0.0731820911, 0.102164857, -0.270877987, 0.102198012, 0.126200721, 0.0213176347, 0.0667725578, 0.073209241, -0.133954972, 0.0714217946, 0.181235299, -0.212580606, 0.0670563504, 0.0981958136, 0.0101567823, 0.099011749, -0.00964647066, 0.31994611, 0.128382847, -0.113099523, -0.142128691, 0.211842239, -0.145161301, -0.00446872599, 0.122555226, -0.131575912, -0.25537613, -0.275157571, 0.0441670865, 0.466605067, 0.258768469, -0.0439365581, 0.0458394624, -0.122029603, -0.0321344361, 0.0434416123, 0.146724448, -0.000213952735, 0.0128775826, -0.0824108124, 0.0928598493, 0.269513369, 0.0672900006, -0.0605156235, 0.228516534, -0.0315255448, -0.0338016599, -0.0177857168, 0.0592418611, -0.144284725, -0.00198569661, -0.166097224, -0.0542506762, -0.0600171611, 0.0308963396, -0.0157817062, 0.214456558, -0.195734695, 0.12983866, -0.0629582331, -0.0870377719, -0.0235959347, 0.0463453494, -0.084908016, -0.052717559, 0.130918905, -0.316684872, 0.154920191, 0.142677963, 0.0614391454, 0.193229437, 0.0541869923, 0.0797048584, 0.0504085086, -0.0856598318, -0.208073869, -0.0565779544, 0.048155237, -0.0704142749, 0.115697667, 0.0518345051],